Year,Month,DayofMonth,DayOfWeek,CRSDepTime,CRSArrTime,UniqueCarrier,FlightNum,TailNum,CRSElapsedTime,Origin,Dest,Distance,IsDepDelayed
1987,10,1,4,915,1001,PS,1451,,46,SFO,RNO,192,YES
1987,10,2,5,915,1001,PS,1451,,46,SFO,RNO,192,YES
1987,10,3,6,915,1001,PS,1451,,46,SFO,RNO,192,YES
1987,10,4,7,915,1001,PS,1451,,46,SFO,RNO,192,NO
1987,10,5,1,915,1001,PS,1451,,46,SFO,RNO,192,YES
1987,10,6,2,915,1001,PS,1451,,46,SFO,RNO,192,YES
1987,10,7,3,915,1001,PS,1451,,46,SFO,RNO,192,YES
1987,10,8,4,915,1001,PS,1451,,46,SFO,RNO,192,YES
1987,10,9,5,915,1001,PS,1451,,46,SFO,RNO,192,YES
1987,10,10,6,915,1001,PS,1451,,46,SFO,RNO,192,NO
1987,10,11,7,915,1001,PS,1451,,46,SFO,RNO,192,YES
1987,10,12,1,915,1001,PS,1451,,46,SFO,RNO,192,YES
1987,10,13,2,915,1001,PS,1451,,46,SFO,RNO,192,YES
1987,10,14,3,915,1001,PS,1451,,46,SFO,RNO,192,YES
1987,10,15,4,915,1001,PS,1451,,46,SFO,RNO,192,YES
1987,10,17,6,915,1001,PS,1451,,46,SFO,RNO,192,YES
1987,10,18,7,915,1001,PS,1451,,46,SFO,RNO,192,NO
1987,10,19,1,915,1001,PS,1451,,46,SFO,RNO,192,YES
1987,10,21,3,915,1001,PS,1451,,46,SFO,RNO,192,NO
1987,10,22,4,915,1001,PS,1451,,46,SFO,RNO,192,NO
1987,10,23,5,915,1001,PS,1451,,46,SFO,RNO,192,YES
1987,10,24,6,915,1001,PS,1451,,46,SFO,RNO,192,YES
1987,10,25,7,915,1001,PS,1451,,46,SFO,RNO,192,NO
1987,10,26,1,915,1001,PS,1451,,46,SFO,RNO,192,YES
1987,10,27,2,915,1001,PS,1451,,46,SFO,RNO,192,YES
1987,10,28,3,925,1015,PS,1451,,50,SFO,RNO,192,YES
1987,10,29,4,925,1015,PS,1451,,50,SFO,RNO,192,YES
1987,10,30,5,925,1015,PS,1451,,50,SFO,RNO,192,YES
1987,10,31,6,925,1015,PS,1451,,50,SFO,RNO,192,YES
1987,10,1,4,1505,1608,PS,1453,,63,BUR,OAK,325,YES
1987,10,2,5,1505,1608,PS,1453,,63,BUR,OAK,325,YES
1987,10,4,7,1505,1608,PS,1453,,63,BUR,OAK,325,YES
1987,10,5,1,1505,1608,PS,1453,,63,BUR,OAK,325,NO
1987,10,6,2,1505,1608,PS,1453,,63,BUR,OAK,325,NO
1987,10,7,3,1505,1608,PS,1453,,63,BUR,OAK,325,YES
1987,10,8,4,1505,1608,PS,1453,,63,BUR,OAK,325,YES
1987,10,9,5,1505,1608,PS,1453,,63,BUR,OAK,325,YES
1987,10,11,7,1505,1608,PS,1453,,63,BUR,OAK,325,NO
1987,10,12,1,1505,1608,PS,1453,,63,BUR,OAK,325,YES
1987,10,13,2,1505,1608,PS,1453,,63,BUR,OAK,325,YES
1987,10,14,3,1505,1608,PS,1453,,63,BUR,OAK,325,YES
1987,10,15,4,1505,1608,PS,1453,,63,BUR,OAK,325,YES
1987,10,16,5,1505,1608,PS,1453,,63,BUR,OAK,325,YES
1987,10,19,1,1505,1608,PS,1453,,63,BUR,OAK,325,YES
1987,10,20,2,1505,1608,PS,1453,,63,BUR,OAK,325,YES
1987,10,21,3,1505,1608,PS,1453,,63,BUR,OAK,325,NO
1987,10,22,4,1505,1608,PS,1453,,63,BUR,OAK,325,YES
1987,10,23,5,1505,1608,PS,1453,,63,BUR,OAK,325,YES
1987,10,25,7,1505,1608,PS,1453,,63,BUR,OAK,325,YES
1987,10,26,1,1505,1608,PS,1453,,63,BUR,OAK,325,YES
1987,10,27,2,1505,1608,PS,1453,,63,BUR,OAK,325,YES
1987,10,28,3,1550,1657,PS,1453,,67,BUR,OAK,325,NO
1987,10,29,4,1550,1657,PS,1453,,67,BUR,OAK,325,NO
1987,10,30,5,1550,1657,PS,1453,,67,BUR,OAK,325,YES
1987,10,1,4,1635,1732,PS,1454,,57,OAK,BUR,325,YES
1987,10,2,5,1635,1732,PS,1454,,57,OAK,BUR,325,NO
1987,10,3,6,1635,1732,PS,1454,,57,OAK,BUR,325,NO
1987,10,4,7,1635,1732,PS,1454,,57,OAK,BUR,325,YES
1987,10,5,1,1635,1732,PS,1454,,57,OAK,BUR,325,NO
1987,10,6,2,1635,1732,PS,1454,,57,OAK,BUR,325,NO
1987,10,7,3,1635,1732,PS,1454,,57,OAK,BUR,325,NO
1987,10,8,4,1635,1732,PS,1454,,57,OAK,BUR,325,YES
1987,10,9,5,1635,1732,PS,1454,,57,OAK,BUR,325,YES
1987,10,10,6,1635,1732,PS,1454,,57,OAK,BUR,325,NO
1987,10,11,7,1635,1732,PS,1454,,57,OAK,BUR,325,NO
1987,10,12,1,1635,1732,PS,1454,,57,OAK,BUR,325,YES
1987,10,13,2,1635,1732,PS,1454,,57,OAK,BUR,325,YES
1987,10,14,3,1635,1732,PS,1454,,57,OAK,BUR,325,YES
1987,10,15,4,1635,1732,PS,1454,,57,OAK,BUR,325,YES
1987,10,16,5,1635,1732,PS,1454,,57,OAK,BUR,325,YES
1987,10,17,6,1635,1732,PS,1454,,57,OAK,BUR,325,NO
1987,10,19,1,1635,1732,PS,1454,,57,OAK,BUR,325,NO
1987,10,20,2,1635,1732,PS,1454,,57,OAK,BUR,325,YES
1987,10,21,3,1635,1732,PS,1454,,57,OAK,BUR,325,YES
1987,10,22,4,1635,1732,PS,1454,,57,OAK,BUR,325,YES
1987,10,23,5,1635,1732,PS,1454,,57,OAK,BUR,325,YES
1987,10,24,6,1635,1732,PS,1454,,57,OAK,BUR,325,NO
1987,10,25,7,1635,1732,PS,1454,,57,OAK,BUR,325,YES
1987,10,26,1,1635,1732,PS,1454,,57,OAK,BUR,325,NO
1987,10,27,2,1635,1732,PS,1454,,57,OAK,BUR,325,YES
1987,10,31,6,700,809,PS,1455,,69,BUR,OAK,325,YES
1987,10,1,4,650,800,PS,1457,,70,PHX,LAX,370,YES
1987,10,2,5,650,800,PS,1457,,70,PHX,LAX,370,YES
1987,10,3,6,650,800,PS,1457,,70,PHX,LAX,370,YES
1987,10,5,1,650,800,PS,1457,,70,PHX,LAX,370,YES
1987,10,6,2,650,800,PS,1457,,70,PHX,LAX,370,YES
1987,10,7,3,650,800,PS,1457,,70,PHX,LAX,370,YES
1987,10,8,4,650,800,PS,1457,,70,PHX,LAX,370,YES
1987,10,9,5,650,800,PS,1457,,70,PHX,LAX,370,YES
1987,10,10,6,650,800,PS,1457,,70,PHX,LAX,370,YES
1987,10,12,1,650,800,PS,1457,,70,PHX,LAX,370,YES
1987,10,13,2,650,800,PS,1457,,70,PHX,LAX,370,YES
1987,10,14,3,650,800,PS,1457,,70,PHX,LAX,370,YES
1987,10,15,4,650,800,PS,1457,,70,PHX,LAX,370,YES
1987,10,16,5,650,800,PS,1457,,70,PHX,LAX,370,YES
1987,10,17,6,650,800,PS,1457,,70,PHX,LAX,370,YES
1987,10,19,1,650,800,PS,1457,,70,PHX,LAX,370,YES
1987,10,20,2,650,800,PS,1457,,70,PHX,LAX,370,YES
1987,10,21,3,650,800,PS,1457,,70,PHX,LAX,370,NO
1987,10,22,4,650,800,PS,1457,,70,PHX,LAX,370,YES
1987,10,23,5,650,800,PS,1457,,70,PHX,LAX,370,YES
1987,10,24,6,650,800,PS,1457,,70,PHX,LAX,370,YES
1987,10,26,1,750,800,PS,1457,,70,PHX,LAX,370,YES
1987,10,27,2,750,800,PS,1457,,70,PHX,LAX,370,NO
1987,10,28,3,745,759,PS,1457,,74,PHX,LAX,370,YES
1987,10,29,4,745,759,PS,1457,,74,PHX,LAX,370,NO
1987,10,30,5,745,759,PS,1457,,74,PHX,LAX,370,NO
1987,10,1,4,1120,1250,PS,1459,,90,SFO,PDX,550,YES
1987,10,2,5,1120,1250,PS,1459,,90,SFO,PDX,550,YES
1987,10,3,6,1120,1250,PS,1459,,90,SFO,PDX,550,NO
1987,10,4,7,1120,1250,PS,1459,,90,SFO,PDX,550,NO
1987,10,5,1,1120,1250,PS,1459,,90,SFO,PDX,550,YES
1987,10,6,2,1120,1250,PS,1459,,90,SFO,PDX,550,YES
1987,10,10,6,1120,1250,PS,1459,,90,SFO,PDX,550,NO
1987,10,12,1,1120,1250,PS,1459,,90,SFO,PDX,550,NO
1987,10,13,2,1120,1250,PS,1459,,90,SFO,PDX,550,YES
1987,10,14,3,1120,1250,PS,1459,,90,SFO,PDX,550,YES
1987,10,15,4,1120,1250,PS,1459,,90,SFO,PDX,550,YES
1987,10,16,5,1120,1250,PS,1459,,90,SFO,PDX,550,YES
1987,10,17,6,1120,1250,PS,1459,,90,SFO,PDX,550,NO
1987,10,18,7,1120,1250,PS,1459,,90,SFO,PDX,550,NO
1987,10,19,1,1120,1250,PS,1459,,90,SFO,PDX,550,YES
1987,10,20,2,1120,1250,PS,1459,,90,SFO,PDX,550,YES
1987,10,21,3,1120,1250,PS,1459,,90,SFO,PDX,550,NO
1987,10,22,4,1120,1250,PS,1459,,90,SFO,PDX,550,YES
1987,10,23,5,1120,1250,PS,1459,,90,SFO,PDX,550,YES
1987,10,24,6,1120,1250,PS,1459,,90,SFO,PDX,550,NO
1987,10,25,7,1120,1250,PS,1459,,90,SFO,PDX,550,YES
1987,10,26,1,1120,1250,PS,1459,,90,SFO,PDX,550,YES
1987,10,27,2,1120,1250,PS,1459,,90,SFO,PDX,550,NO
1987,10,1,4,1830,1929,PS,1460,,59,OAK,BUR,325,NO
1987,10,2,5,1830,1929,PS,1460,,59,OAK,BUR,325,YES
1987,10,3,6,1830,1929,PS,1460,,59,OAK,BUR,325,NO
1987,10,4,7,1830,1929,PS,1460,,59,OAK,BUR,325,YES
1987,10,5,1,1830,1929,PS,1460,,59,OAK,BUR,325,NO
1987,10,6,2,1830,1929,PS,1460,,59,OAK,BUR,325,NO
1987,10,8,4,1830,1929,PS,1460,,59,OAK,BUR,325,YES
1987,10,9,5,1830,1929,PS,1460,,59,OAK,BUR,325,NO
1987,10,10,6,1830,1929,PS,1460,,59,OAK,BUR,325,NO
1987,10,11,7,1830,1929,PS,1460,,59,OAK,BUR,325,YES
1987,10,13,2,1830,1929,PS,1460,,59,OAK,BUR,325,NO
1987,10,14,3,1830,1929,PS,1460,,59,OAK,BUR,325,YES
1987,10,15,4,1830,1929,PS,1460,,59,OAK,BUR,325,YES
1987,10,17,6,1830,1929,PS,1460,,59,OAK,BUR,325,NO
1987,10,18,7,1830,1929,PS,1460,,59,OAK,BUR,325,NO
1987,10,19,1,1830,1929,PS,1460,,59,OAK,BUR,325,YES
1987,10,20,2,1830,1929,PS,1460,,59,OAK,BUR,325,NO
1987,10,21,3,1830,1929,PS,1460,,59,OAK,BUR,325,NO
1987,10,22,4,1830,1929,PS,1460,,59,OAK,BUR,325,YES
1987,10,23,5,1830,1929,PS,1460,,59,OAK,BUR,325,YES
1987,10,24,6,1830,1929,PS,1460,,59,OAK,BUR,325,NO
1987,10,25,7,1830,1929,PS,1460,,59,OAK,BUR,325,NO
1987,10,26,1,1830,1929,PS,1460,,59,OAK,BUR,325,NO
1987,10,28,3,1846,1949,PS,1460,,63,OAK,BUR,325,NO
1987,10,29,4,1846,1949,PS,1460,,63,OAK,BUR,325,YES
1987,10,30,5,1846,1949,PS,1460,,63,OAK,BUR,325,NO
1987,10,31,6,1846,1949,PS,1460,,63,OAK,BUR,325,NO
1987,10,1,4,1800,1901,PS,1463,,61,BUR,OAK,325,YES
1987,10,2,5,1800,1901,PS,1463,,61,BUR,OAK,325,YES
1987,10,3,6,1800,1901,PS,1463,,61,BUR,OAK,325,NO
1987,10,4,7,1800,1901,PS,1463,,61,BUR,OAK,325,YES
1987,10,5,1,1800,1901,PS,1463,,61,BUR,OAK,325,NO
1987,10,6,2,1800,1901,PS,1463,,61,BUR,OAK,325,NO
1987,10,7,3,1800,1901,PS,1463,,61,BUR,OAK,325,NO
1987,10,8,4,1800,1901,PS,1463,,61,BUR,OAK,325,YES
1987,10,9,5,1800,1901,PS,1463,,61,BUR,OAK,325,YES
1987,10,10,6,1800,1901,PS,1463,,61,BUR,OAK,325,NO
1987,10,11,7,1800,1901,PS,1463,,61,BUR,OAK,325,NO
1987,10,12,1,1800,1901,PS,1463,,61,BUR,OAK,325,NO
1987,10,13,2,1800,1901,PS,1463,,61,BUR,OAK,325,YES
1987,10,14,3,1800,1901,PS,1463,,61,BUR,OAK,325,YES
1987,10,15,4,1800,1901,PS,1463,,61,BUR,OAK,325,YES
1987,10,16,5,1800,1901,PS,1463,,61,BUR,OAK,325,YES
1987,10,17,6,1800,1901,PS,1463,,61,BUR,OAK,325,NO
1987,10,19,1,1800,1901,PS,1463,,61,BUR,OAK,325,NO
1987,10,20,2,1800,1901,PS,1463,,61,BUR,OAK,325,YES
1987,10,21,3,1800,1901,PS,1463,,61,BUR,OAK,325,YES
1987,10,22,4,1800,1901,PS,1463,,61,BUR,OAK,325,YES
1987,10,23,5,1800,1901,PS,1463,,61,BUR,OAK,325,YES
1987,10,24,6,1800,1901,PS,1463,,61,BUR,OAK,325,YES
1987,10,25,7,1800,1901,PS,1463,,61,BUR,OAK,325,YES
1987,10,26,1,1800,1901,PS,1463,,61,BUR,OAK,325,NO
1987,10,27,2,1800,1901,PS,1463,,61,BUR,OAK,325,YES
1987,10,28,3,1850,1957,PS,1463,,67,BUR,OAK,325,YES
1987,10,29,4,1850,1957,PS,1463,,67,BUR,OAK,325,YES
1987,10,30,5,1850,1957,PS,1463,,67,BUR,OAK,325,YES
1987,10,31,6,1850,1957,PS,1463,,67,BUR,OAK,325,NO
1987,10,28,3,1515,1611,PS,1464,,56,SJC,BUR,296,YES
1987,10,29,4,1515,1611,PS,1464,,56,SJC,BUR,296,YES
1987,10,30,5,1515,1611,PS,1464,,56,SJC,BUR,296,YES
1987,10,1,4,2000,2059,PS,1465,,59,BUR,OAK,325,YES
1987,10,2,5,2000,2059,PS,1465,,59,BUR,OAK,325,NO
1987,10,4,7,2000,2059,PS,1465,,59,BUR,OAK,325,YES
1987,10,6,2,2000,2059,PS,1465,,59,BUR,OAK,325,NO
1987,10,7,3,2000,2059,PS,1465,,59,BUR,OAK,325,NO
1987,10,8,4,2000,2059,PS,1465,,59,BUR,OAK,325,YES
1987,10,9,5,2000,2059,PS,1465,,59,BUR,OAK,325,YES
1987,10,11,7,2000,2059,PS,1465,,59,BUR,OAK,325,YES
1987,10,12,1,2000,2059,PS,1465,,59,BUR,OAK,325,NO
1987,10,13,2,2000,2059,PS,1465,,59,BUR,OAK,325,NO
1987,10,14,3,2000,2059,PS,1465,,59,BUR,OAK,325,NO
1987,10,15,4,2000,2059,PS,1465,,59,BUR,OAK,325,NO
1987,10,16,5,2000,2059,PS,1465,,59,BUR,OAK,325,NO
1987,10,18,7,2000,2059,PS,1465,,59,BUR,OAK,325,YES
1987,10,19,1,2000,2059,PS,1465,,59,BUR,OAK,325,NO
1987,10,20,2,2000,2059,PS,1465,,59,BUR,OAK,325,NO
1987,10,21,3,2000,2059,PS,1465,,59,BUR,OAK,325,NO
1987,10,22,4,2000,2059,PS,1465,,59,BUR,OAK,325,YES
1987,10,23,5,2000,2059,PS,1465,,59,BUR,OAK,325,YES
1987,10,25,7,2000,2059,PS,1465,,59,BUR,OAK,325,YES
1987,10,26,1,2000,2059,PS,1465,,59,BUR,OAK,325,NO
1987,10,27,2,2000,2059,PS,1465,,59,BUR,OAK,325,YES
1987,10,28,3,2019,2122,PS,1465,,63,BUR,OAK,325,YES
1987,10,29,4,2019,2122,PS,1465,,63,BUR,OAK,325,YES
1987,10,30,5,2019,2122,PS,1465,,63,BUR,OAK,325,YES
1987,10,1,4,645,803,PS,1468,,78,SFO,SAN,447,NO
1987,10,6,2,645,803,PS,1468,,78,SFO,SAN,447,YES
1987,10,7,3,645,803,PS,1468,,78,SFO,SAN,447,NO
1987,10,8,4,645,803,PS,1468,,78,SFO,SAN,447,NO
1987,10,9,5,645,803,PS,1468,,78,SFO,SAN,447,YES
1987,10,12,1,645,803,PS,1468,,78,SFO,SAN,447,YES
1987,10,13,2,645,803,PS,1468,,78,SFO,SAN,447,NO
1987,10,14,3,645,803,PS,1468,,78,SFO,SAN,447,NO
1987,10,15,4,645,803,PS,1468,,78,SFO,SAN,447,NO
1987,10,16,5,645,803,PS,1468,,78,SFO,SAN,447,YES
1987,10,19,1,645,803,PS,1468,,78,SFO,SAN,447,YES
1987,10,20,2,645,803,PS,1468,,78,SFO,SAN,447,NO
1987,10,21,3,645,803,PS,1468,,78,SFO,SAN,447,YES
1987,10,26,1,645,803,PS,1468,,78,SFO,SAN,447,NO
1987,10,27,2,645,803,PS,1468,,78,SFO,SAN,447,NO
1987,10,28,3,635,753,PS,1468,,78,SFO,SAN,447,NO
1987,10,29,4,635,753,PS,1468,,78,SFO,SAN,447,YES
1987,10,30,5,635,753,PS,1468,,78,SFO,SAN,447,YES
1987,10,31,6,840,954,PS,1470,,74,OAK,SAN,446,YES
1987,10,1,4,645,804,PS,1471,,79,SAN,OAK,446,NO
1987,10,2,5,645,804,PS,1471,,79,SAN,OAK,446,YES
1987,10,5,1,645,804,PS,1471,,79,SAN,OAK,446,YES
1987,10,6,2,645,804,PS,1471,,79,SAN,OAK,446,YES
1987,10,8,4,645,804,PS,1471,,79,SAN,OAK,446,YES
1987,10,9,5,645,804,PS,1471,,79,SAN,OAK,446,NO
1987,10,12,1,645,804,PS,1471,,79,SAN,OAK,446,NO
1987,10,13,2,645,804,PS,1471,,79,SAN,OAK,446,NO
1987,10,14,3,645,804,PS,1471,,79,SAN,OAK,446,YES
1987,10,15,4,645,804,PS,1471,,79,SAN,OAK,446,YES
1987,10,16,5,645,804,PS,1471,,79,SAN,OAK,446,NO
1987,10,19,1,645,804,PS,1471,,79,SAN,OAK,446,YES
1987,10,20,2,645,804,PS,1471,,79,SAN,OAK,446,NO
1987,10,21,3,645,804,PS,1471,,79,SAN,OAK,446,NO
1987,10,22,4,645,804,PS,1471,,79,SAN,OAK,446,NO
1987,10,23,5,645,804,PS,1471,,79,SAN,OAK,446,NO
1987,10,26,1,645,804,PS,1471,,79,SAN,OAK,446,YES
1987,10,27,2,645,804,PS,1471,,79,SAN,OAK,446,NO
1987,10,28,3,635,758,PS,1471,,83,SAN,OAK,446,NO
1987,10,30,5,635,758,PS,1471,,83,SAN,OAK,446,NO
1987,10,1,4,829,946,PS,1472,,77,OAK,SAN,446,YES
1987,10,2,5,829,946,PS,1472,,77,OAK,SAN,446,NO
1987,10,3,6,829,946,PS,1472,,77,OAK,SAN,446,NO
1987,10,5,1,829,946,PS,1472,,77,OAK,SAN,446,YES
1987,10,6,2,829,946,PS,1472,,77,OAK,SAN,446,YES
1987,10,8,4,829,946,PS,1472,,77,OAK,SAN,446,YES
1987,10,9,5,829,946,PS,1472,,77,OAK,SAN,446,NO
1987,10,10,6,829,946,PS,1472,,77,OAK,SAN,446,NO
1987,10,12,1,829,946,PS,1472,,77,OAK,SAN,446,NO
1987,10,13,2,829,946,PS,1472,,77,OAK,SAN,446,YES
1987,10,14,3,829,946,PS,1472,,77,OAK,SAN,446,YES
1987,10,15,4,829,946,PS,1472,,77,OAK,SAN,446,NO
1987,10,16,5,829,946,PS,1472,,77,OAK,SAN,446,NO
1987,10,17,6,829,946,PS,1472,,77,OAK,SAN,446,NO
1987,10,19,1,829,946,PS,1472,,77,OAK,SAN,446,NO
1987,10,20,2,829,946,PS,1472,,77,OAK,SAN,446,NO
1987,10,21,3,829,946,PS,1472,,77,OAK,SAN,446,NO
1987,10,22,4,829,946,PS,1472,,77,OAK,SAN,446,NO
1987,10,23,5,829,946,PS,1472,,77,OAK,SAN,446,NO
1987,10,24,6,829,946,PS,1472,,77,OAK,SAN,446,YES
1987,10,26,1,829,946,PS,1472,,77,OAK,SAN,446,NO
1987,10,27,2,829,946,PS,1472,,77,OAK,SAN,446,NO
1987,10,28,3,823,941,PS,1472,,78,OAK,SAN,446,NO
1987,10,30,5,823,941,PS,1472,,78,OAK,SAN,446,NO
1987,10,3,6,1815,1929,PS,1474,,74,OAK,SAN,446,NO
1987,10,10,6,1815,1929,PS,1474,,74,OAK,SAN,446,NO
1987,10,17,6,1815,1929,PS,1474,,74,OAK,SAN,446,NO
1987,10,24,6,1815,1929,PS,1474,,74,OAK,SAN,446,NO
1987,10,31,6,1810,1926,PS,1474,,76,OAK,SAN,446,YES
1987,10,28,3,916,1009,PS,1475,,53,LAS,SAN,258,YES
1987,10,29,4,916,1009,PS,1475,,53,LAS,SAN,258,YES
1987,10,30,5,916,1009,PS,1475,,53,LAS,SAN,258,YES
1987,10,31,6,916,1009,PS,1475,,53,LAS,SAN,258,NO
1987,10,1,4,1029,1144,PS,1475,,75,SAN,OAK,446,NO
1987,10,2,5,1029,1144,PS,1475,,75,SAN,OAK,446,YES
1987,10,3,6,1029,1144,PS,1475,,75,SAN,OAK,446,NO
1987,10,4,7,1029,1144,PS,1475,,75,SAN,OAK,446,YES
1987,10,5,1,1029,1144,PS,1475,,75,SAN,OAK,446,NO
1987,10,6,2,1029,1144,PS,1475,,75,SAN,OAK,446,NO
1987,10,7,3,1029,1144,PS,1475,,75,SAN,OAK,446,NO
1987,10,8,4,1029,1144,PS,1475,,75,SAN,OAK,446,NO
1987,10,9,5,1029,1144,PS,1475,,75,SAN,OAK,446,NO
1987,10,10,6,1029,1144,PS,1475,,75,SAN,OAK,446,NO
1987,10,11,7,1029,1144,PS,1475,,75,SAN,OAK,446,YES
1987,10,12,1,1029,1144,PS,1475,,75,SAN,OAK,446,NO
1987,10,13,2,1029,1144,PS,1475,,75,SAN,OAK,446,NO
1987,10,14,3,1029,1144,PS,1475,,75,SAN,OAK,446,NO
1987,10,15,4,1029,1144,PS,1475,,75,SAN,OAK,446,NO
1987,10,16,5,1029,1144,PS,1475,,75,SAN,OAK,446,NO
1987,10,17,6,1029,1144,PS,1475,,75,SAN,OAK,446,NO
1987,10,19,1,1029,1144,PS,1475,,75,SAN,OAK,446,YES
1987,10,20,2,1029,1144,PS,1475,,75,SAN,OAK,446,NO
1987,10,21,3,1029,1144,PS,1475,,75,SAN,OAK,446,NO
1987,10,22,4,1029,1144,PS,1475,,75,SAN,OAK,446,YES
1987,10,23,5,1029,1144,PS,1475,,75,SAN,OAK,446,NO
1987,10,24,6,1029,1144,PS,1475,,75,SAN,OAK,446,NO
1987,10,25,7,1029,1144,PS,1475,,75,SAN,OAK,446,NO
1987,10,26,1,1029,1144,PS,1475,,75,SAN,OAK,446,NO
1987,10,27,2,1029,1144,PS,1475,,75,SAN,OAK,446,NO
1987,10,28,3,1040,1201,PS,1475,,81,SAN,OAK,446,NO
1987,10,29,4,1040,1201,PS,1475,,81,SAN,OAK,446,YES
1987,10,30,5,1040,1201,PS,1475,,81,SAN,OAK,446,NO
1987,10,31,6,1040,1201,PS,1475,,81,SAN,OAK,446,NO
1987,10,1,4,1628,1745,PS,1476,,77,OAK,SAN,446,NO
1987,10,2,5,1628,1745,PS,1476,,77,OAK,SAN,446,YES
1987,10,5,1,1628,1745,PS,1476,,77,OAK,SAN,446,NO
1987,10,6,2,1628,1745,PS,1476,,77,OAK,SAN,446,NO
1987,10,7,3,1628,1745,PS,1476,,77,OAK,SAN,446,NO
1987,10,8,4,1628,1745,PS,1476,,77,OAK,SAN,446,YES
1987,10,9,5,1628,1745,PS,1476,,77,OAK,SAN,446,YES
1987,10,11,7,1628,1745,PS,1476,,77,OAK,SAN,446,YES
1987,10,13,2,1628,1745,PS,1476,,77,OAK,SAN,446,NO
1987,10,14,3,1628,1745,PS,1476,,77,OAK,SAN,446,YES
1987,10,15,4,1628,1745,PS,1476,,77,OAK,SAN,446,NO
1987,10,16,5,1628,1745,PS,1476,,77,OAK,SAN,446,YES
1987,10,18,7,1628,1745,PS,1476,,77,OAK,SAN,446,YES
1987,10,19,1,1628,1745,PS,1476,,77,OAK,SAN,446,NO
1987,10,20,2,1628,1745,PS,1476,,77,OAK,SAN,446,NO
1987,10,22,4,1628,1745,PS,1476,,77,OAK,SAN,446,YES
1987,10,23,5,1628,1745,PS,1476,,77,OAK,SAN,446,YES
1987,10,25,7,1628,1745,PS,1476,,77,OAK,SAN,446,YES
1987,10,26,1,1628,1745,PS,1476,,77,OAK,SAN,446,NO
1987,10,27,2,1628,1745,PS,1476,,77,OAK,SAN,446,NO
1987,10,28,3,1645,1801,PS,1476,,76,OAK,SAN,446,NO
1987,10,29,4,1645,1801,PS,1476,,76,OAK,SAN,446,NO
1987,10,30,5,1645,1801,PS,1476,,76,OAK,SAN,446,NO
1987,10,1,4,1210,1322,PS,1478,,72,OAK,SAN,446,NO
1987,10,2,5,1210,1322,PS,1478,,72,OAK,SAN,446,NO
1987,10,3,6,1210,1322,PS,1478,,72,OAK,SAN,446,NO
1987,10,4,7,1210,1322,PS,1478,,72,OAK,SAN,446,NO
1987,10,5,1,1210,1322,PS,1478,,72,OAK,SAN,446,NO
1987,10,6,2,1210,1322,PS,1478,,72,OAK,SAN,446,NO
1987,10,7,3,1210,1322,PS,1478,,72,OAK,SAN,446,NO
1987,10,8,4,1210,1322,PS,1478,,72,OAK,SAN,446,NO
1987,10,9,5,1210,1322,PS,1478,,72,OAK,SAN,446,NO
1987,10,10,6,1210,1322,PS,1478,,72,OAK,SAN,446,NO
1987,10,11,7,1210,1322,PS,1478,,72,OAK,SAN,446,NO
1987,10,12,1,1210,1322,PS,1478,,72,OAK,SAN,446,NO
1987,10,13,2,1210,1322,PS,1478,,72,OAK,SAN,446,YES
1987,10,14,3,1210,1322,PS,1478,,72,OAK,SAN,446,NO
1987,10,15,4,1210,1322,PS,1478,,72,OAK,SAN,446,NO
1987,10,16,5,1210,1322,PS,1478,,72,OAK,SAN,446,NO
1987,10,17,6,1210,1322,PS,1478,,72,OAK,SAN,446,NO
1987,10,19,1,1210,1322,PS,1478,,72,OAK,SAN,446,NO
1987,10,20,2,1210,1322,PS,1478,,72,OAK,SAN,446,NO
1987,10,21,3,1210,1322,PS,1478,,72,OAK,SAN,446,NO
1987,10,22,4,1210,1322,PS,1478,,72,OAK,SAN,446,YES
1987,10,23,5,1210,1322,PS,1478,,72,OAK,SAN,446,YES
1987,10,24,6,1210,1322,PS,1478,,72,OAK,SAN,446,NO
1987,10,25,7,1210,1322,PS,1478,,72,OAK,SAN,446,NO
1987,10,26,1,1210,1322,PS,1478,,72,OAK,SAN,446,NO
1987,10,27,2,1210,1322,PS,1478,,72,OAK,SAN,446,NO
1987,10,28,3,1231,1343,PS,1478,,72,OAK,SAN,446,NO
1987,10,29,4,1231,1343,PS,1478,,72,OAK,SAN,446,YES
1987,10,30,5,1231,1343,PS,1478,,72,OAK,SAN,446,NO
1987,10,31,6,1231,1343,PS,1478,,72,OAK,SAN,446,NO
1987,10,28,3,1414,1510,PS,1478,,56,SAN,LAS,258,NO
1987,10,29,4,1414,1510,PS,1478,,56,SAN,LAS,258,YES
1987,10,30,5,1414,1510,PS,1478,,56,SAN,LAS,258,YES
1987,10,31,6,1414,1510,PS,1478,,56,SAN,LAS,258,NO
1987,10,1,4,1310,1424,PS,1479,,74,SAN,OAK,446,YES
1987,10,2,5,1310,1424,PS,1479,,74,SAN,OAK,446,NO
1987,10,4,7,1310,1424,PS,1479,,74,SAN,OAK,446,NO
1987,10,5,1,1310,1424,PS,1479,,74,SAN,OAK,446,NO
1987,10,6,2,1310,1424,PS,1479,,74,SAN,OAK,446,NO
1987,10,8,4,1310,1424,PS,1479,,74,SAN,OAK,446,NO
1987,10,9,5,1310,1424,PS,1479,,74,SAN,OAK,446,NO
1987,10,11,7,1310,1424,PS,1479,,74,SAN,OAK,446,YES
1987,10,12,1,1310,1424,PS,1479,,74,SAN,OAK,446,YES
1987,10,13,2,1310,1424,PS,1479,,74,SAN,OAK,446,NO
1987,10,14,3,1310,1424,PS,1479,,74,SAN,OAK,446,NO
1987,10,15,4,1310,1424,PS,1479,,74,SAN,OAK,446,YES
1987,10,16,5,1310,1424,PS,1479,,74,SAN,OAK,446,YES
1987,10,18,7,1310,1424,PS,1479,,74,SAN,OAK,446,NO
1987,10,19,1,1310,1424,PS,1479,,74,SAN,OAK,446,YES
1987,10,20,2,1310,1424,PS,1479,,74,SAN,OAK,446,YES
1987,10,21,3,1310,1424,PS,1479,,74,SAN,OAK,446,YES
1987,10,22,4,1310,1424,PS,1479,,74,SAN,OAK,446,NO
1987,10,23,5,1310,1424,PS,1479,,74,SAN,OAK,446,NO
1987,10,25,7,1310,1424,PS,1479,,74,SAN,OAK,446,NO
1987,10,26,1,1310,1424,PS,1479,,74,SAN,OAK,446,YES
1987,10,27,2,1310,1424,PS,1479,,74,SAN,OAK,446,NO
1987,10,29,4,1300,1421,PS,1479,,81,SAN,OAK,446,NO
1987,10,30,5,1300,1421,PS,1479,,81,SAN,OAK,446,NO
1987,10,1,4,1845,2005,PS,1480,,80,SFO,SAN,447,YES
1987,10,2,5,1845,2005,PS,1480,,80,SFO,SAN,447,YES
1987,10,4,7,1845,2005,PS,1480,,80,SFO,SAN,447,YES
1987,10,5,1,1845,2005,PS,1480,,80,SFO,SAN,447,YES
1987,10,6,2,1845,2005,PS,1480,,80,SFO,SAN,447,YES
1987,10,7,3,1845,2005,PS,1480,,80,SFO,SAN,447,YES
1987,10,8,4,1845,2005,PS,1480,,80,SFO,SAN,447,YES
1987,10,11,7,1845,2005,PS,1480,,80,SFO,SAN,447,YES
1987,10,12,1,1845,2005,PS,1480,,80,SFO,SAN,447,YES
1987,10,13,2,1845,2005,PS,1480,,80,SFO,SAN,447,YES
1987,10,14,3,1845,2005,PS,1480,,80,SFO,SAN,447,YES
1987,10,15,4,1845,2005,PS,1480,,80,SFO,SAN,447,YES
1987,10,16,5,1845,2005,PS,1480,,80,SFO,SAN,447,YES
1987,10,18,7,1845,2005,PS,1480,,80,SFO,SAN,447,YES
1987,10,19,1,1845,2005,PS,1480,,80,SFO,SAN,447,YES
1987,10,20,2,1845,2005,PS,1480,,80,SFO,SAN,447,YES
1987,10,21,3,1845,2005,PS,1480,,80,SFO,SAN,447,YES
1987,10,22,4,1845,2005,PS,1480,,80,SFO,SAN,447,YES
1987,10,23,5,1845,2005,PS,1480,,80,SFO,SAN,447,YES
1987,10,25,7,1845,2005,PS,1480,,80,SFO,SAN,447,YES
1987,10,26,1,1845,2005,PS,1480,,80,SFO,SAN,447,YES
1987,10,27,2,1845,2005,PS,1480,,80,SFO,SAN,447,YES
1987,10,28,3,1915,2033,PS,1480,,78,SFO,SAN,447,YES
1987,10,29,4,1915,2033,PS,1480,,78,SFO,SAN,447,YES
1987,10,30,5,1915,2033,PS,1480,,78,SFO,SAN,447,YES
1987,10,1,4,1450,1603,PS,1481,,73,SNA,OAK,371,NO
1987,10,2,5,1450,1603,PS,1481,,73,SNA,OAK,371,YES
1987,10,3,6,1450,1603,PS,1481,,73,SNA,OAK,371,NO
1987,10,5,1,1450,1603,PS,1481,,73,SNA,OAK,371,NO
1987,10,6,2,1450,1603,PS,1481,,73,SNA,OAK,371,YES
1987,10,7,3,1450,1603,PS,1481,,73,SNA,OAK,371,NO
1987,10,8,4,1450,1603,PS,1481,,73,SNA,OAK,371,YES
1987,10,9,5,1450,1603,PS,1481,,73,SNA,OAK,371,YES
1987,10,10,6,1450,1603,PS,1481,,73,SNA,OAK,371,YES
1987,10,11,7,1450,1603,PS,1481,,73,SNA,OAK,371,YES
1987,10,13,2,1450,1603,PS,1481,,73,SNA,OAK,371,NO
1987,10,14,3,1450,1603,PS,1481,,73,SNA,OAK,371,NO
1987,10,15,4,1450,1603,PS,1481,,73,SNA,OAK,371,NO
1987,10,16,5,1450,1603,PS,1481,,73,SNA,OAK,371,NO
1987,10,17,6,1450,1603,PS,1481,,73,SNA,OAK,371,YES
1987,10,18,7,1450,1603,PS,1481,,73,SNA,OAK,371,YES
1987,10,19,1,1450,1603,PS,1481,,73,SNA,OAK,371,NO
1987,10,20,2,1450,1603,PS,1481,,73,SNA,OAK,371,NO
1987,10,22,4,1450,1603,PS,1481,,73,SNA,OAK,371,YES
1987,10,23,5,1450,1603,PS,1481,,73,SNA,OAK,371,YES
1987,10,24,6,1450,1603,PS,1481,,73,SNA,OAK,371,NO
1987,10,25,7,1450,1603,PS,1481,,73,SNA,OAK,371,NO
1987,10,26,1,1450,1603,PS,1481,,73,SNA,OAK,371,NO
1987,10,27,2,1450,1603,PS,1481,,73,SNA,OAK,371,YES
1987,10,28,3,1500,1619,PS,1481,,79,SNA,OAK,371,YES
1987,10,29,4,1500,1619,PS,1481,,79,SNA,OAK,371,NO
1987,10,30,5,1500,1619,PS,1481,,79,SNA,OAK,371,NO
1987,10,31,6,1500,1619,PS,1481,,79,SNA,OAK,371,NO
1987,10,2,5,2230,2342,PS,1482,,72,OAK,SAN,446,NO
1987,10,4,7,2230,2342,PS,1482,,72,OAK,SAN,446,YES
1987,10,9,5,2230,2342,PS,1482,,72,OAK,SAN,446,NO
1987,10,11,7,2230,2342,PS,1482,,72,OAK,SAN,446,YES
1987,10,16,5,2230,2342,PS,1482,,72,OAK,SAN,446,NO
1987,10,18,7,2230,2342,PS,1482,,72,OAK,SAN,446,NO
1987,10,23,5,2230,2342,PS,1482,,72,OAK,SAN,446,YES
1987,10,25,7,2230,2342,PS,1482,,72,OAK,SAN,446,NO
1987,10,30,5,2300,12,PS,1482,,72,OAK,SAN,446,YES
1987,10,2,5,2045,2159,PS,1483,,74,SAN,OAK,446,NO
1987,10,4,7,2045,2159,PS,1483,,74,SAN,OAK,446,YES
1987,10,9,5,2045,2159,PS,1483,,74,SAN,OAK,446,YES
1987,10,11,7,2045,2159,PS,1483,,74,SAN,OAK,446,NO
1987,10,16,5,2045,2159,PS,1483,,74,SAN,OAK,446,YES
1987,10,18,7,2045,2159,PS,1483,,74,SAN,OAK,446,YES
1987,10,23,5,2045,2159,PS,1483,,74,SAN,OAK,446,YES
1987,10,25,7,2045,2159,PS,1483,,74,SAN,OAK,446,YES
1987,10,30,5,2110,2228,PS,1483,,78,SAN,OAK,446,YES
1987,10,1,4,1945,2101,PS,1484,,76,SFO,SAN,447,YES
1987,10,2,5,1945,2101,PS,1484,,76,SFO,SAN,447,NO
1987,10,4,7,1945,2101,PS,1484,,76,SFO,SAN,447,YES
1987,10,5,1,1945,2101,PS,1484,,76,SFO,SAN,447,YES
1987,10,6,2,1945,2101,PS,1484,,76,SFO,SAN,447,NO
1987,10,9,5,1945,2101,PS,1484,,76,SFO,SAN,447,YES
1987,10,11,7,1945,2101,PS,1484,,76,SFO,SAN,447,YES
1987,10,12,1,1945,2101,PS,1484,,76,SFO,SAN,447,NO
1987,10,13,2,1945,2101,PS,1484,,76,SFO,SAN,447,NO
1987,10,14,3,1945,2101,PS,1484,,76,SFO,SAN,447,NO
1987,10,15,4,1945,2101,PS,1484,,76,SFO,SAN,447,YES
1987,10,16,5,1945,2101,PS,1484,,76,SFO,SAN,447,YES
1987,10,18,7,1945,2101,PS,1484,,76,SFO,SAN,447,YES
1987,10,19,1,1945,2101,PS,1484,,76,SFO,SAN,447,NO
1987,10,20,2,1945,2101,PS,1484,,76,SFO,SAN,447,NO
1987,10,21,3,1945,2101,PS,1484,,76,SFO,SAN,447,NO
1987,10,22,4,1945,2101,PS,1484,,76,SFO,SAN,447,YES
1987,10,23,5,1945,2101,PS,1484,,76,SFO,SAN,447,YES
1987,10,25,7,1945,2101,PS,1484,,76,SFO,SAN,447,YES
1987,10,26,1,1945,2101,PS,1484,,76,SFO,SAN,447,NO
1987,10,27,2,1945,2101,PS,1484,,76,SFO,SAN,447,NO
1987,10,30,5,1950,2112,PS,1484,,82,SFO,SAN,447,YES
1987,10,1,4,1648,1806,PS,1485,,78,SAN,OAK,446,NO
1987,10,2,5,1648,1806,PS,1485,,78,SAN,OAK,446,YES
1987,10,3,6,1648,1806,PS,1485,,78,SAN,OAK,446,NO
1987,10,4,7,1648,1806,PS,1485,,78,SAN,OAK,446,YES
1987,10,5,1,1648,1806,PS,1485,,78,SAN,OAK,446,NO
1987,10,6,2,1648,1806,PS,1485,,78,SAN,OAK,446,NO
1987,10,8,4,1648,1806,PS,1485,,78,SAN,OAK,446,YES
1987,10,9,5,1648,1806,PS,1485,,78,SAN,OAK,446,YES
1987,10,10,6,1648,1806,PS,1485,,78,SAN,OAK,446,NO
1987,10,11,7,1648,1806,PS,1485,,78,SAN,OAK,446,NO
1987,10,13,2,1648,1806,PS,1485,,78,SAN,OAK,446,NO
1987,10,14,3,1648,1806,PS,1485,,78,SAN,OAK,446,NO
1987,10,17,6,1648,1806,PS,1485,,78,SAN,OAK,446,NO
1987,10,18,7,1648,1806,PS,1485,,78,SAN,OAK,446,NO
1987,10,19,1,1648,1806,PS,1485,,78,SAN,OAK,446,NO
1987,10,20,2,1648,1806,PS,1485,,78,SAN,OAK,446,NO
1987,10,21,3,1648,1806,PS,1485,,78,SAN,OAK,446,NO
1987,10,22,4,1648,1806,PS,1485,,78,SAN,OAK,446,NO
1987,10,23,5,1648,1806,PS,1485,,78,SAN,OAK,446,NO
1987,10,24,6,1648,1806,PS,1485,,78,SAN,OAK,446,YES
1987,10,25,7,1648,1806,PS,1485,,78,SAN,OAK,446,NO
1987,10,26,1,1648,1806,PS,1485,,78,SAN,OAK,446,NO
1987,10,27,2,1648,1806,PS,1485,,78,SAN,OAK,446,YES
1987,10,28,3,1656,1821,PS,1485,,85,SAN,OAK,446,NO
1987,10,30,5,1656,1821,PS,1485,,85,SAN,OAK,446,YES
1987,10,31,6,1656,1821,PS,1485,,85,SAN,OAK,446,NO
1987,10,1,4,2016,2132,PS,1486,,76,OAK,SAN,446,YES
1987,10,4,7,2016,2132,PS,1486,,76,OAK,SAN,446,YES
1987,10,5,1,2016,2132,PS,1486,,76,OAK,SAN,446,YES
1987,10,6,2,2016,2132,PS,1486,,76,OAK,SAN,446,YES
1987,10,7,3,2016,2132,PS,1486,,76,OAK,SAN,446,NO
1987,10,8,4,2016,2132,PS,1486,,76,OAK,SAN,446,NO
1987,10,9,5,2016,2132,PS,1486,,76,OAK,SAN,446,YES
1987,10,11,7,2016,2132,PS,1486,,76,OAK,SAN,446,YES
1987,10,12,1,2016,2132,PS,1486,,76,OAK,SAN,446,YES
1987,10,13,2,2016,2132,PS,1486,,76,OAK,SAN,446,NO
1987,10,14,3,2016,2132,PS,1486,,76,OAK,SAN,446,NO
1987,10,15,4,2016,2132,PS,1486,,76,OAK,SAN,446,YES
1987,10,16,5,2016,2132,PS,1486,,76,OAK,SAN,446,YES
1987,10,18,7,2016,2132,PS,1486,,76,OAK,SAN,446,YES
1987,10,19,1,2016,2132,PS,1486,,76,OAK,SAN,446,NO
1987,10,20,2,2016,2132,PS,1486,,76,OAK,SAN,446,NO
1987,10,21,3,2016,2132,PS,1486,,76,OAK,SAN,446,NO
1987,10,22,4,2016,2132,PS,1486,,76,OAK,SAN,446,YES
1987,10,23,5,2016,2132,PS,1486,,76,OAK,SAN,446,YES
1987,10,25,7,2016,2132,PS,1486,,76,OAK,SAN,446,YES
1987,10,26,1,2016,2132,PS,1486,,76,OAK,SAN,446,YES
1987,10,27,2,2016,2132,PS,1486,,76,OAK,SAN,446,YES
1987,10,28,3,2025,2141,PS,1486,,76,OAK,SAN,446,YES
1987,10,29,4,2025,2141,PS,1486,,76,OAK,SAN,446,NO
1987,10,30,5,2025,2141,PS,1486,,76,OAK,SAN,446,NO
1987,10,1,4,815,928,PS,1489,,73,SNA,OAK,371,YES
1987,10,2,5,815,928,PS,1489,,73,SNA,OAK,371,NO
1987,10,3,6,815,928,PS,1489,,73,SNA,OAK,371,NO
1987,10,4,7,815,928,PS,1489,,73,SNA,OAK,371,YES
1987,10,5,1,815,928,PS,1489,,73,SNA,OAK,371,YES
1987,10,6,2,815,928,PS,1489,,73,SNA,OAK,371,YES
1987,10,7,3,815,928,PS,1489,,73,SNA,OAK,371,YES
1987,10,8,4,815,928,PS,1489,,73,SNA,OAK,371,YES
1987,10,9,5,815,928,PS,1489,,73,SNA,OAK,371,NO
1987,10,11,7,815,928,PS,1489,,73,SNA,OAK,371,NO
1987,10,12,1,815,928,PS,1489,,73,SNA,OAK,371,NO
1987,10,13,2,815,928,PS,1489,,73,SNA,OAK,371,YES
1987,10,14,3,815,928,PS,1489,,73,SNA,OAK,371,YES
1987,10,15,4,815,928,PS,1489,,73,SNA,OAK,371,YES
1987,10,16,5,815,928,PS,1489,,73,SNA,OAK,371,YES
1987,10,17,6,815,928,PS,1489,,73,SNA,OAK,371,NO
1987,10,18,7,815,928,PS,1489,,73,SNA,OAK,371,NO
1987,10,19,1,815,928,PS,1489,,73,SNA,OAK,371,YES
1987,10,20,2,815,928,PS,1489,,73,SNA,OAK,371,YES
1987,10,21,3,815,928,PS,1489,,73,SNA,OAK,371,NO
1987,10,22,4,815,928,PS,1489,,73,SNA,OAK,371,YES
1987,10,23,5,815,928,PS,1489,,73,SNA,OAK,371,YES
1987,10,24,6,815,928,PS,1489,,73,SNA,OAK,371,NO
1987,10,25,7,815,928,PS,1489,,73,SNA,OAK,371,NO
1987,10,26,1,815,928,PS,1489,,73,SNA,OAK,371,YES
1987,10,27,2,815,928,PS,1489,,73,SNA,OAK,371,YES
1987,10,28,3,815,932,PS,1489,,77,SNA,OAK,371,NO
1987,10,29,4,815,932,PS,1489,,77,SNA,OAK,371,YES
1987,10,30,5,815,932,PS,1489,,77,SNA,OAK,371,NO
1987,10,31,6,815,932,PS,1489,,77,SNA,OAK,371,NO
1987,10,1,4,953,1106,PS,1490,,73,OAK,SNA,371,YES
1987,10,2,5,953,1106,PS,1490,,73,OAK,SNA,371,NO
1987,10,3,6,953,1106,PS,1490,,73,OAK,SNA,371,NO
1987,10,4,7,953,1106,PS,1490,,73,OAK,SNA,371,NO
1987,10,5,1,953,1106,PS,1490,,73,OAK,SNA,371,NO
1987,10,6,2,953,1106,PS,1490,,73,OAK,SNA,371,YES
1987,10,7,3,953,1106,PS,1490,,73,OAK,SNA,371,YES
1987,10,8,4,953,1106,PS,1490,,73,OAK,SNA,371,NO
1987,10,9,5,953,1106,PS,1490,,73,OAK,SNA,371,NO
1987,10,11,7,953,1106,PS,1490,,73,OAK,SNA,371,NO
1987,10,12,1,953,1106,PS,1490,,73,OAK,SNA,371,NO
1987,10,13,2,953,1106,PS,1490,,73,OAK,SNA,371,YES
1987,10,14,3,953,1106,PS,1490,,73,OAK,SNA,371,YES
1987,10,15,4,953,1106,PS,1490,,73,OAK,SNA,371,YES
1987,10,16,5,953,1106,PS,1490,,73,OAK,SNA,371,YES
1987,10,17,6,953,1106,PS,1490,,73,OAK,SNA,371,NO
1987,10,18,7,953,1106,PS,1490,,73,OAK,SNA,371,NO
1987,10,19,1,953,1106,PS,1490,,73,OAK,SNA,371,YES
1987,10,20,2,953,1106,PS,1490,,73,OAK,SNA,371,NO
1987,10,21,3,953,1106,PS,1490,,73,OAK,SNA,371,NO
1987,10,22,4,953,1106,PS,1490,,73,OAK,SNA,371,YES
1987,10,23,5,953,1106,PS,1490,,73,OAK,SNA,371,NO
1987,10,24,6,953,1106,PS,1490,,73,OAK,SNA,371,NO
1987,10,25,7,953,1106,PS,1490,,73,OAK,SNA,371,NO
1987,10,26,1,953,1106,PS,1490,,73,OAK,SNA,371,NO
1987,10,27,2,953,1106,PS,1490,,73,OAK,SNA,371,NO
1987,10,28,3,957,1109,PS,1490,,72,OAK,SNA,371,NO
1987,10,29,4,957,1109,PS,1490,,72,OAK,SNA,371,NO
1987,10,30,5,957,1109,PS,1490,,72,OAK,SNA,371,NO
1987,10,31,6,957,1109,PS,1490,,72,OAK,SNA,371,NO
1987,10,1,4,1129,1225,PS,1490,,56,SNA,LAS,226,YES
1987,10,2,5,1129,1225,PS,1490,,56,SNA,LAS,226,NO
1987,10,3,6,1129,1225,PS,1490,,56,SNA,LAS,226,NO
1987,10,4,7,1129,1225,PS,1490,,56,SNA,LAS,226,NO
1987,10,5,1,1129,1225,PS,1490,,56,SNA,LAS,226,NO
1987,10,6,2,1129,1225,PS,1490,,56,SNA,LAS,226,NO
1987,10,7,3,1129,1225,PS,1490,,56,SNA,LAS,226,YES
1987,10,8,4,1129,1225,PS,1490,,56,SNA,LAS,226,NO
1987,10,9,5,1129,1225,PS,1490,,56,SNA,LAS,226,NO
1987,10,11,7,1129,1225,PS,1490,,56,SNA,LAS,226,YES
1987,10,12,1,1129,1225,PS,1490,,56,SNA,LAS,226,YES
1987,10,13,2,1129,1225,PS,1490,,56,SNA,LAS,226,YES
1987,10,14,3,1129,1225,PS,1490,,56,SNA,LAS,226,YES
1987,10,15,4,1129,1225,PS,1490,,56,SNA,LAS,226,YES
1987,10,16,5,1129,1225,PS,1490,,56,SNA,LAS,226,YES
1987,10,17,6,1129,1225,PS,1490,,56,SNA,LAS,226,NO
1987,10,18,7,1129,1225,PS,1490,,56,SNA,LAS,226,NO
1987,10,19,1,1129,1225,PS,1490,,56,SNA,LAS,226,YES
1987,10,20,2,1129,1225,PS,1490,,56,SNA,LAS,226,YES
1987,10,21,3,1129,1225,PS,1490,,56,SNA,LAS,226,NO
1987,10,22,4,1129,1225,PS,1490,,56,SNA,LAS,226,YES
1987,10,23,5,1129,1225,PS,1490,,56,SNA,LAS,226,NO
1987,10,24,6,1129,1225,PS,1490,,56,SNA,LAS,226,YES
1987,10,25,7,1129,1225,PS,1490,,56,SNA,LAS,226,YES
1987,10,26,1,1129,1225,PS,1490,,56,SNA,LAS,226,NO
1987,10,27,2,1129,1225,PS,1490,,56,SNA,LAS,226,NO
1987,10,28,3,1134,1232,PS,1490,,58,SNA,LAS,226,YES
1987,10,29,4,1134,1232,PS,1490,,58,SNA,LAS,226,NO
1987,10,30,5,1134,1232,PS,1490,,58,SNA,LAS,226,NO
1987,10,31,6,1134,1232,PS,1490,,58,SNA,LAS,226,NO
1987,10,28,3,1630,1721,PS,1491,,51,LAS,SNA,226,YES
1987,10,29,4,1630,1721,PS,1491,,51,LAS,SNA,226,YES
1987,10,30,5,1630,1721,PS,1491,,51,LAS,SNA,226,YES
1987,10,31,6,1630,1721,PS,1491,,51,LAS,SNA,226,YES
1987,10,1,4,1710,1824,PS,1491,,74,SNA,OAK,371,YES
1987,10,2,5,1710,1824,PS,1491,,74,SNA,OAK,371,YES
1987,10,4,7,1710,1824,PS,1491,,74,SNA,OAK,371,YES
1987,10,5,1,1710,1824,PS,1491,,74,SNA,OAK,371,NO
1987,10,6,2,1710,1824,PS,1491,,74,SNA,OAK,371,YES
1987,10,7,3,1710,1824,PS,1491,,74,SNA,OAK,371,NO
1987,10,8,4,1710,1824,PS,1491,,74,SNA,OAK,371,NO
1987,10,9,5,1710,1824,PS,1491,,74,SNA,OAK,371,YES
1987,10,11,7,1710,1824,PS,1491,,74,SNA,OAK,371,YES
1987,10,12,1,1710,1824,PS,1491,,74,SNA,OAK,371,YES
1987,10,13,2,1710,1824,PS,1491,,74,SNA,OAK,371,NO
1987,10,14,3,1710,1824,PS,1491,,74,SNA,OAK,371,YES
1987,10,15,4,1710,1824,PS,1491,,74,SNA,OAK,371,YES
1987,10,16,5,1710,1824,PS,1491,,74,SNA,OAK,371,YES
1987,10,18,7,1710,1824,PS,1491,,74,SNA,OAK,371,YES
1987,10,20,2,1710,1824,PS,1491,,74,SNA,OAK,371,YES
1987,10,22,4,1710,1824,PS,1491,,74,SNA,OAK,371,YES
1987,10,23,5,1710,1824,PS,1491,,74,SNA,OAK,371,YES
1987,10,25,7,1710,1824,PS,1491,,74,SNA,OAK,371,NO
1987,10,26,1,1710,1824,PS,1491,,74,SNA,OAK,371,NO
1987,10,27,2,1710,1824,PS,1491,,74,SNA,OAK,371,YES
1987,10,28,3,1746,1905,PS,1491,,79,SNA,OAK,371,YES
1987,10,29,4,1746,1905,PS,1491,,79,SNA,OAK,371,YES
1987,10,30,5,1746,1905,PS,1491,,79,SNA,OAK,371,YES
1987,10,1,4,630,746,PS,1492,,76,OAK,SNA,371,NO
1987,10,5,1,630,746,PS,1492,,76,OAK,SNA,371,NO
1987,10,6,2,630,746,PS,1492,,76,OAK,SNA,371,NO
1987,10,7,3,630,746,PS,1492,,76,OAK,SNA,371,NO
1987,10,8,4,630,746,PS,1492,,76,OAK,SNA,371,NO
1987,10,12,1,630,746,PS,1492,,76,OAK,SNA,371,NO
1987,10,13,2,630,746,PS,1492,,76,OAK,SNA,371,NO
1987,10,14,3,630,746,PS,1492,,76,OAK,SNA,371,NO
1987,10,15,4,630,746,PS,1492,,76,OAK,SNA,371,YES
1987,10,16,5,630,746,PS,1492,,76,OAK,SNA,371,NO
1987,10,19,1,630,746,PS,1492,,76,OAK,SNA,371,NO
1987,10,20,2,630,746,PS,1492,,76,OAK,SNA,371,YES
1987,10,21,3,630,746,PS,1492,,76,OAK,SNA,371,NO
1987,10,22,4,630,746,PS,1492,,76,OAK,SNA,371,NO
1987,10,23,5,630,746,PS,1492,,76,OAK,SNA,371,YES
1987,10,26,1,630,746,PS,1492,,76,OAK,SNA,371,NO
1987,10,27,2,630,746,PS,1492,,76,OAK,SNA,371,NO
1987,10,28,3,630,745,PS,1492,,75,OAK,SNA,371,YES
1987,10,29,4,630,745,PS,1492,,75,OAK,SNA,371,NO
1987,10,30,5,630,745,PS,1492,,75,OAK,SNA,371,NO
1987,10,1,4,800,856,PS,1492,,56,SNA,LAS,226,YES
1987,10,3,6,800,856,PS,1492,,56,SNA,LAS,226,NO
1987,10,4,7,800,856,PS,1492,,56,SNA,LAS,226,NO
1987,10,5,1,800,856,PS,1492,,56,SNA,LAS,226,NO
1987,10,6,2,800,856,PS,1492,,56,SNA,LAS,226,YES
1987,10,7,3,800,856,PS,1492,,56,SNA,LAS,226,YES
1987,10,8,4,800,856,PS,1492,,56,SNA,LAS,226,YES
1987,10,10,6,800,856,PS,1492,,56,SNA,LAS,226,YES
1987,10,11,7,800,856,PS,1492,,56,SNA,LAS,226,NO
1987,10,12,1,800,856,PS,1492,,56,SNA,LAS,226,YES
1987,10,13,2,800,856,PS,1492,,56,SNA,LAS,226,NO
1987,10,14,3,800,856,PS,1492,,56,SNA,LAS,226,YES
1987,10,15,4,800,856,PS,1492,,56,SNA,LAS,226,YES
1987,10,16,5,800,856,PS,1492,,56,SNA,LAS,226,YES
1987,10,17,6,800,856,PS,1492,,56,SNA,LAS,226,NO
1987,10,18,7,800,856,PS,1492,,56,SNA,LAS,226,NO
1987,10,19,1,800,856,PS,1492,,56,SNA,LAS,226,YES
1987,10,20,2,800,856,PS,1492,,56,SNA,LAS,226,YES
1987,10,21,3,800,856,PS,1492,,56,SNA,LAS,226,YES
1987,10,22,4,800,856,PS,1492,,56,SNA,LAS,226,NO
1987,10,23,5,800,856,PS,1492,,56,SNA,LAS,226,YES
1987,10,24,6,800,856,PS,1492,,56,SNA,LAS,226,NO
1987,10,25,7,800,856,PS,1492,,56,SNA,LAS,226,NO
1987,10,26,1,800,856,PS,1492,,56,SNA,LAS,226,YES
1987,10,27,2,800,856,PS,1492,,56,SNA,LAS,226,YES
1987,10,28,3,800,858,PS,1492,,58,SNA,LAS,226,YES
1987,10,29,4,800,858,PS,1492,,58,SNA,LAS,226,YES
1987,10,30,5,800,858,PS,1492,,58,SNA,LAS,226,NO
1987,10,31,6,800,858,PS,1492,,58,SNA,LAS,226,NO
1987,10,1,4,1310,1423,PS,1494,,73,OAK,SNA,371,NO
1987,10,2,5,1310,1423,PS,1494,,73,OAK,SNA,371,NO
1987,10,3,6,1310,1423,PS,1494,,73,OAK,SNA,371,NO
1987,10,5,1,1310,1423,PS,1494,,73,OAK,SNA,371,YES
1987,10,6,2,1310,1423,PS,1494,,73,OAK,SNA,371,NO
1987,10,7,3,1310,1423,PS,1494,,73,OAK,SNA,371,YES
1987,10,8,4,1310,1423,PS,1494,,73,OAK,SNA,371,NO
1987,10,9,5,1310,1423,PS,1494,,73,OAK,SNA,371,YES
1987,10,10,6,1310,1423,PS,1494,,73,OAK,SNA,371,YES
1987,10,11,7,1310,1423,PS,1494,,73,OAK,SNA,371,YES
1987,10,13,2,1310,1423,PS,1494,,73,OAK,SNA,371,YES
1987,10,14,3,1310,1423,PS,1494,,73,OAK,SNA,371,YES
1987,10,15,4,1310,1423,PS,1494,,73,OAK,SNA,371,NO
1987,10,16,5,1310,1423,PS,1494,,73,OAK,SNA,371,YES
1987,10,17,6,1310,1423,PS,1494,,73,OAK,SNA,371,NO
1987,10,18,7,1310,1423,PS,1494,,73,OAK,SNA,371,NO
1987,10,19,1,1310,1423,PS,1494,,73,OAK,SNA,371,NO
1987,10,20,2,1310,1423,PS,1494,,73,OAK,SNA,371,NO
1987,10,21,3,1310,1423,PS,1494,,73,OAK,SNA,371,YES
1987,10,22,4,1310,1423,PS,1494,,73,OAK,SNA,371,YES
1987,10,23,5,1310,1423,PS,1494,,73,OAK,SNA,371,YES
1987,10,24,6,1310,1423,PS,1494,,73,OAK,SNA,371,NO
1987,10,25,7,1310,1423,PS,1494,,73,OAK,SNA,371,NO
1987,10,26,1,1310,1423,PS,1494,,73,OAK,SNA,371,NO
1987,10,27,2,1310,1423,PS,1494,,73,OAK,SNA,371,NO
1987,10,28,3,1318,1430,PS,1494,,72,OAK,SNA,371,NO
1987,10,29,4,1318,1430,PS,1494,,72,OAK,SNA,371,YES
1987,10,30,5,1318,1430,PS,1494,,72,OAK,SNA,371,NO
1987,10,31,6,1318,1430,PS,1494,,72,OAK,SNA,371,NO
1987,10,1,4,1850,2003,PS,1496,,73,OAK,SNA,371,NO
1987,10,2,5,1850,2003,PS,1496,,73,OAK,SNA,371,YES
1987,10,4,7,1850,2003,PS,1496,,73,OAK,SNA,371,NO
1987,10,5,1,1850,2003,PS,1496,,73,OAK,SNA,371,NO
1987,10,6,2,1850,2003,PS,1496,,73,OAK,SNA,371,YES
1987,10,7,3,1850,2003,PS,1496,,73,OAK,SNA,371,NO
1987,10,8,4,1850,2003,PS,1496,,73,OAK,SNA,371,NO
1987,10,9,5,1850,2003,PS,1496,,73,OAK,SNA,371,YES
1987,10,11,7,1850,2003,PS,1496,,73,OAK,SNA,371,NO
1987,10,12,1,1850,2003,PS,1496,,73,OAK,SNA,371,NO
1987,10,13,2,1850,2003,PS,1496,,73,OAK,SNA,371,NO
1987,10,14,3,1850,2003,PS,1496,,73,OAK,SNA,371,YES
1987,10,15,4,1850,2003,PS,1496,,73,OAK,SNA,371,YES
1987,10,16,5,1850,2003,PS,1496,,73,OAK,SNA,371,YES
1987,10,18,7,1850,2003,PS,1496,,73,OAK,SNA,371,YES
1987,10,19,1,1850,2003,PS,1496,,73,OAK,SNA,371,YES
1987,10,20,2,1850,2003,PS,1496,,73,OAK,SNA,371,NO
1987,10,22,4,1850,2003,PS,1496,,73,OAK,SNA,371,YES
1987,10,23,5,1850,2003,PS,1496,,73,OAK,SNA,371,YES
1987,10,25,7,1850,2003,PS,1496,,73,OAK,SNA,371,NO
1987,10,26,1,1850,2003,PS,1496,,73,OAK,SNA,371,NO
1987,10,27,2,1850,2003,PS,1496,,73,OAK,SNA,371,YES
1987,10,28,3,1930,2040,PS,1496,,70,OAK,SNA,371,NO
1987,10,29,4,1930,2040,PS,1496,,70,OAK,SNA,371,YES
1987,10,30,5,1930,2040,PS,1496,,70,OAK,SNA,371,YES
1987,10,1,4,2030,2123,PS,1496,,53,SNA,LAS,226,NO
1987,10,2,5,2030,2123,PS,1496,,53,SNA,LAS,226,NO
1987,10,4,7,2030,2123,PS,1496,,53,SNA,LAS,226,NO
1987,10,5,1,2030,2123,PS,1496,,53,SNA,LAS,226,NO
1987,10,6,2,2030,2123,PS,1496,,53,SNA,LAS,226,NO
1987,10,7,3,2030,2123,PS,1496,,53,SNA,LAS,226,NO
1987,10,8,4,2030,2123,PS,1496,,53,SNA,LAS,226,NO
1987,10,9,5,2030,2123,PS,1496,,53,SNA,LAS,226,YES
1987,10,11,7,2030,2123,PS,1496,,53,SNA,LAS,226,YES
1987,10,12,1,2030,2123,PS,1496,,53,SNA,LAS,226,NO
1987,10,13,2,2030,2123,PS,1496,,53,SNA,LAS,226,NO
1987,10,14,3,2030,2123,PS,1496,,53,SNA,LAS,226,NO
1987,10,15,4,2030,2123,PS,1496,,53,SNA,LAS,226,NO
1987,10,16,5,2030,2123,PS,1496,,53,SNA,LAS,226,YES
1987,10,18,7,2030,2123,PS,1496,,53,SNA,LAS,226,YES
1987,10,19,1,2030,2123,PS,1496,,53,SNA,LAS,226,YES
1987,10,20,2,2030,2123,PS,1496,,53,SNA,LAS,226,NO
1987,10,22,4,2030,2123,PS,1496,,53,SNA,LAS,226,YES
1987,10,23,5,2030,2123,PS,1496,,53,SNA,LAS,226,YES
1987,10,25,7,2030,2123,PS,1496,,53,SNA,LAS,226,NO
1987,10,26,1,2030,2123,PS,1496,,53,SNA,LAS,226,NO
1987,10,27,2,2030,2123,PS,1496,,53,SNA,LAS,226,NO
1987,10,28,3,2105,2200,PS,1496,,55,SNA,LAS,226,YES
1987,10,29,4,2105,2200,PS,1496,,55,SNA,LAS,226,YES
1987,10,30,5,2105,2200,PS,1496,,55,SNA,LAS,226,NO
1987,10,1,4,1925,2038,PS,1497,,73,SNA,OAK,371,YES
1987,10,2,5,1925,2038,PS,1497,,73,SNA,OAK,371,YES
1987,10,4,7,1925,2038,PS,1497,,73,SNA,OAK,371,YES
1987,10,5,1,1925,2038,PS,1497,,73,SNA,OAK,371,NO
1987,10,6,2,1925,2038,PS,1497,,73,SNA,OAK,371,NO
1987,10,7,3,1925,2038,PS,1497,,73,SNA,OAK,371,NO
1987,10,8,4,1925,2038,PS,1497,,73,SNA,OAK,371,YES
1987,10,9,5,1925,2038,PS,1497,,73,SNA,OAK,371,YES
1987,10,11,7,1925,2038,PS,1497,,73,SNA,OAK,371,YES
1987,10,12,1,1925,2038,PS,1497,,73,SNA,OAK,371,NO
1987,10,13,2,1925,2038,PS,1497,,73,SNA,OAK,371,YES
1987,10,14,3,1925,2038,PS,1497,,73,SNA,OAK,371,YES
1987,10,15,4,1925,2038,PS,1497,,73,SNA,OAK,371,YES
1987,10,18,7,1925,2038,PS,1497,,73,SNA,OAK,371,YES
1987,10,19,1,1925,2038,PS,1497,,73,SNA,OAK,371,NO
1987,10,20,2,1925,2038,PS,1497,,73,SNA,OAK,371,YES
1987,10,21,3,1925,2038,PS,1497,,73,SNA,OAK,371,NO
1987,10,22,4,1925,2038,PS,1497,,73,SNA,OAK,371,YES
1987,10,23,5,1925,2038,PS,1497,,73,SNA,OAK,371,YES
1987,10,25,7,1925,2038,PS,1497,,73,SNA,OAK,371,YES
1987,10,26,1,1925,2038,PS,1497,,73,SNA,OAK,371,YES
1987,10,27,2,1925,2038,PS,1497,,73,SNA,OAK,371,YES
1987,10,28,3,1925,2040,PS,1497,,75,SNA,OAK,371,YES
1987,10,29,4,1925,2040,PS,1497,,75,SNA,OAK,371,YES
1987,10,1,4,1745,1855,PS,1500,,70,SMF,LAX,373,YES
1987,10,2,5,1745,1855,PS,1500,,70,SMF,LAX,373,NO
1987,10,3,6,1745,1855,PS,1500,,70,SMF,LAX,373,NO
1987,10,5,1,1745,1855,PS,1500,,70,SMF,LAX,373,NO
1987,10,6,2,1745,1855,PS,1500,,70,SMF,LAX,373,NO
1987,10,7,3,1745,1855,PS,1500,,70,SMF,LAX,373,YES
1987,10,8,4,1745,1855,PS,1500,,70,SMF,LAX,373,YES
1987,10,9,5,1745,1855,PS,1500,,70,SMF,LAX,373,YES
1987,10,10,6,1745,1855,PS,1500,,70,SMF,LAX,373,NO
1987,10,11,7,1745,1855,PS,1500,,70,SMF,LAX,373,YES
1987,10,12,1,1745,1855,PS,1500,,70,SMF,LAX,373,YES
1987,10,13,2,1745,1855,PS,1500,,70,SMF,LAX,373,NO
1987,10,14,3,1745,1855,PS,1500,,70,SMF,LAX,373,NO
1987,10,15,4,1745,1855,PS,1500,,70,SMF,LAX,373,YES
1987,10,16,5,1745,1855,PS,1500,,70,SMF,LAX,373,YES
1987,10,17,6,1745,1855,PS,1500,,70,SMF,LAX,373,NO
1987,10,18,7,1745,1855,PS,1500,,70,SMF,LAX,373,YES
1987,10,20,2,1745,1855,PS,1500,,70,SMF,LAX,373,NO
1987,10,21,3,1745,1855,PS,1500,,70,SMF,LAX,373,NO
1987,10,22,4,1745,1855,PS,1500,,70,SMF,LAX,373,YES
1987,10,23,5,1745,1855,PS,1500,,70,SMF,LAX,373,YES
1987,10,24,6,1745,1855,PS,1500,,70,SMF,LAX,373,NO
1987,10,25,7,1745,1855,PS,1500,,70,SMF,LAX,373,YES
1987,10,26,1,1745,1855,PS,1500,,70,SMF,LAX,373,NO
1987,10,27,2,1745,1855,PS,1500,,70,SMF,LAX,373,NO
1987,10,28,3,1758,1908,PS,1500,,70,SMF,LAX,373,NO
1987,10,29,4,1758,1908,PS,1500,,70,SMF,LAX,373,YES
1987,10,30,5,1758,1908,PS,1500,,70,SMF,LAX,373,YES
1987,10,31,6,1758,1908,PS,1500,,70,SMF,LAX,373,YES
1987,10,28,3,2110,2147,PS,1502,,37,LAX,SAN,109,YES
1987,10,30,5,2110,2147,PS,1502,,37,LAX,SAN,109,YES
1987,10,1,4,2027,2137,PS,1502,,70,SMF,LAX,373,YES
1987,10,2,5,2027,2137,PS,1502,,70,SMF,LAX,373,YES
1987,10,4,7,2027,2137,PS,1502,,70,SMF,LAX,373,YES
1987,10,5,1,2027,2137,PS,1502,,70,SMF,LAX,373,YES
1987,10,6,2,2027,2137,PS,1502,,70,SMF,LAX,373,NO
1987,10,7,3,2027,2137,PS,1502,,70,SMF,LAX,373,YES
1987,10,9,5,2027,2137,PS,1502,,70,SMF,LAX,373,YES
1987,10,11,7,2027,2137,PS,1502,,70,SMF,LAX,373,YES
1987,10,12,1,2027,2137,PS,1502,,70,SMF,LAX,373,YES
1987,10,14,3,2027,2137,PS,1502,,70,SMF,LAX,373,YES
1987,10,15,4,2027,2137,PS,1502,,70,SMF,LAX,373,YES
1987,10,16,5,2027,2137,PS,1502,,70,SMF,LAX,373,YES
1987,10,18,7,2027,2137,PS,1502,,70,SMF,LAX,373,YES
1987,10,19,1,2027,2137,PS,1502,,70,SMF,LAX,373,NO
1987,10,20,2,2027,2137,PS,1502,,70,SMF,LAX,373,YES
1987,10,21,3,2027,2137,PS,1502,,70,SMF,LAX,373,NO
1987,10,23,5,2027,2137,PS,1502,,70,SMF,LAX,373,YES
1987,10,25,7,2027,2137,PS,1502,,70,SMF,LAX,373,YES
1987,10,26,1,2027,2137,PS,1502,,70,SMF,LAX,373,YES
1987,10,27,2,2027,2137,PS,1502,,70,SMF,LAX,373,YES
1987,10,28,3,1930,2040,PS,1502,,70,SMF,LAX,373,YES
1987,10,30,5,1930,2040,PS,1502,,70,SMF,LAX,373,YES
1987,10,1,4,630,727,PS,1503,,57,LAX,SJC,308,YES
1987,10,5,1,630,727,PS,1503,,57,LAX,SJC,308,YES
1987,10,6,2,630,727,PS,1503,,57,LAX,SJC,308,YES
1987,10,9,5,630,727,PS,1503,,57,LAX,SJC,308,YES
1987,10,12,1,630,727,PS,1503,,57,LAX,SJC,308,YES
1987,10,13,2,630,727,PS,1503,,57,LAX,SJC,308,NO
1987,10,14,3,630,727,PS,1503,,57,LAX,SJC,308,YES
1987,10,15,4,630,727,PS,1503,,57,LAX,SJC,308,NO
1987,10,16,5,630,727,PS,1503,,57,LAX,SJC,308,YES
1987,10,19,1,630,727,PS,1503,,57,LAX,SJC,308,YES
1987,10,20,2,630,727,PS,1503,,57,LAX,SJC,308,YES
1987,10,21,3,630,727,PS,1503,,57,LAX,SJC,308,YES
1987,10,22,4,630,727,PS,1503,,57,LAX,SJC,308,NO
1987,10,23,5,630,727,PS,1503,,57,LAX,SJC,308,YES
1987,10,26,1,630,727,PS,1503,,57,LAX,SJC,308,YES
1987,10,27,2,630,727,PS,1503,,57,LAX,SJC,308,NO
1987,10,28,3,630,729,PS,1503,,59,LAX,SJC,308,YES
1987,10,29,4,630,729,PS,1503,,59,LAX,SJC,308,YES
1987,10,30,5,630,729,PS,1503,,59,LAX,SJC,308,YES
1987,10,1,4,843,1135,PS,1504,,112,LAX,ABQ,677,YES
1987,10,2,5,843,1135,PS,1504,,112,LAX,ABQ,677,YES
1987,10,3,6,843,1135,PS,1504,,112,LAX,ABQ,677,YES
1987,10,5,1,843,1135,PS,1504,,112,LAX,ABQ,677,YES
1987,10,6,2,843,1135,PS,1504,,112,LAX,ABQ,677,YES
1987,10,8,4,843,1135,PS,1504,,112,LAX,ABQ,677,YES
1987,10,9,5,843,1135,PS,1504,,112,LAX,ABQ,677,NO
1987,10,10,6,843,1135,PS,1504,,112,LAX,ABQ,677,YES
1987,10,13,2,843,1135,PS,1504,,112,LAX,ABQ,677,YES
1987,10,15,4,843,1135,PS,1504,,112,LAX,ABQ,677,YES
1987,10,16,5,843,1135,PS,1504,,112,LAX,ABQ,677,YES
1987,10,17,6,843,1135,PS,1504,,112,LAX,ABQ,677,YES
1987,10,19,1,843,1135,PS,1504,,112,LAX,ABQ,677,YES
1987,10,22,4,843,1135,PS,1504,,112,LAX,ABQ,677,YES
1987,10,23,5,843,1135,PS,1504,,112,LAX,ABQ,677,YES
1987,10,24,6,843,1135,PS,1504,,112,LAX,ABQ,677,YES
1987,10,26,1,843,1135,PS,1504,,112,LAX,ABQ,677,YES
1987,10,27,2,843,1135,PS,1504,,112,LAX,ABQ,677,YES
1987,10,29,4,843,1135,PS,1504,,112,LAX,ABQ,677,YES
1987,10,30,5,843,1135,PS,1504,,112,LAX,ABQ,677,YES
1987,10,31,6,843,1135,PS,1504,,112,LAX,ABQ,677,YES
1987,10,1,4,700,813,PS,1504,,73,SFO,LAX,337,YES
1987,10,3,6,700,813,PS,1504,,73,SFO,LAX,337,YES
1987,10,4,7,700,813,PS,1504,,73,SFO,LAX,337,YES
1987,10,5,1,700,813,PS,1504,,73,SFO,LAX,337,YES
1987,10,6,2,700,813,PS,1504,,73,SFO,LAX,337,YES
1987,10,7,3,700,813,PS,1504,,73,SFO,LAX,337,NO
1987,10,10,6,700,813,PS,1504,,73,SFO,LAX,337,YES
1987,10,11,7,700,813,PS,1504,,73,SFO,LAX,337,NO
1987,10,13,2,700,813,PS,1504,,73,SFO,LAX,337,NO
1987,10,14,3,700,813,PS,1504,,73,SFO,LAX,337,YES
1987,10,15,4,700,813,PS,1504,,73,SFO,LAX,337,NO
1987,10,16,5,700,813,PS,1504,,73,SFO,LAX,337,NO
1987,10,17,6,700,813,PS,1504,,73,SFO,LAX,337,YES
1987,10,18,7,700,813,PS,1504,,73,SFO,LAX,337,NO
1987,10,19,1,700,813,PS,1504,,73,SFO,LAX,337,NO
1987,10,21,3,700,813,PS,1504,,73,SFO,LAX,337,YES
1987,10,22,4,700,813,PS,1504,,73,SFO,LAX,337,YES
1987,10,24,6,700,813,PS,1504,,73,SFO,LAX,337,NO
1987,10,25,7,700,813,PS,1504,,73,SFO,LAX,337,YES
1987,10,26,1,700,813,PS,1504,,73,SFO,LAX,337,NO
1987,10,27,2,700,813,PS,1504,,73,SFO,LAX,337,NO
1987,10,28,3,700,812,PS,1504,,72,SFO,LAX,337,YES
1987,10,29,4,700,812,PS,1504,,72,SFO,LAX,337,YES
1987,10,30,5,700,812,PS,1504,,72,SFO,LAX,337,NO
1987,10,31,6,700,812,PS,1504,,72,SFO,LAX,337,YES
1987,10,1,4,2115,2223,PS,1505,,68,SNA,SJC,342,NO
1987,10,2,5,2115,2223,PS,1505,,68,SNA,SJC,342,YES
1987,10,4,7,2115,2223,PS,1505,,68,SNA,SJC,342,YES
1987,10,6,2,2115,2223,PS,1505,,68,SNA,SJC,342,NO
1987,10,7,3,2115,2223,PS,1505,,68,SNA,SJC,342,YES
1987,10,8,4,2115,2223,PS,1505,,68,SNA,SJC,342,NO
1987,10,9,5,2115,2223,PS,1505,,68,SNA,SJC,342,YES
1987,10,11,7,2115,2223,PS,1505,,68,SNA,SJC,342,YES
1987,10,12,1,2115,2223,PS,1505,,68,SNA,SJC,342,NO
1987,10,13,2,2115,2223,PS,1505,,68,SNA,SJC,342,NO
1987,10,14,3,2115,2223,PS,1505,,68,SNA,SJC,342,YES
1987,10,15,4,2115,2223,PS,1505,,68,SNA,SJC,342,YES
1987,10,16,5,2115,2223,PS,1505,,68,SNA,SJC,342,NO
1987,10,18,7,2115,2223,PS,1505,,68,SNA,SJC,342,YES
1987,10,19,1,2115,2223,PS,1505,,68,SNA,SJC,342,NO
1987,10,20,2,2115,2223,PS,1505,,68,SNA,SJC,342,NO
1987,10,21,3,2115,2223,PS,1505,,68,SNA,SJC,342,YES
1987,10,22,4,2115,2223,PS,1505,,68,SNA,SJC,342,NO
1987,10,23,5,2115,2223,PS,1505,,68,SNA,SJC,342,YES
1987,10,25,7,2115,2223,PS,1505,,68,SNA,SJC,342,YES
1987,10,26,1,2115,2223,PS,1505,,68,SNA,SJC,342,YES
1987,10,27,2,2115,2223,PS,1505,,68,SNA,SJC,342,YES
1987,10,1,4,1250,1340,PS,1509,,50,LAS,SNA,226,NO
1987,10,2,5,1250,1340,PS,1509,,50,LAS,SNA,226,NO
1987,10,3,6,1250,1340,PS,1509,,50,LAS,SNA,226,NO
1987,10,4,7,1250,1340,PS,1509,,50,LAS,SNA,226,YES
1987,10,5,1,1250,1340,PS,1509,,50,LAS,SNA,226,NO
1987,10,6,2,1250,1340,PS,1509,,50,LAS,SNA,226,YES
1987,10,7,3,1250,1340,PS,1509,,50,LAS,SNA,226,YES
1987,10,8,4,1250,1340,PS,1509,,50,LAS,SNA,226,NO
1987,10,9,5,1250,1340,PS,1509,,50,LAS,SNA,226,YES
1987,10,11,7,1250,1340,PS,1509,,50,LAS,SNA,226,NO
1987,10,12,1,1250,1340,PS,1509,,50,LAS,SNA,226,YES
1987,10,13,2,1250,1340,PS,1509,,50,LAS,SNA,226,YES
1987,10,14,3,1250,1340,PS,1509,,50,LAS,SNA,226,YES
1987,10,15,4,1250,1340,PS,1509,,50,LAS,SNA,226,YES
1987,10,16,5,1250,1340,PS,1509,,50,LAS,SNA,226,NO
1987,10,17,6,1250,1340,PS,1509,,50,LAS,SNA,226,NO
1987,10,18,7,1250,1340,PS,1509,,50,LAS,SNA,226,YES
1987,10,19,1,1250,1340,PS,1509,,50,LAS,SNA,226,YES
1987,10,20,2,1250,1340,PS,1509,,50,LAS,SNA,226,YES
1987,10,21,3,1250,1340,PS,1509,,50,LAS,SNA,226,YES
1987,10,22,4,1250,1340,PS,1509,,50,LAS,SNA,226,YES
1987,10,23,5,1250,1340,PS,1509,,50,LAS,SNA,226,YES
1987,10,24,6,1250,1340,PS,1509,,50,LAS,SNA,226,YES
1987,10,25,7,1250,1340,PS,1509,,50,LAS,SNA,226,NO
1987,10,26,1,1250,1340,PS,1509,,50,LAS,SNA,226,NO
1987,10,27,2,1250,1340,PS,1509,,50,LAS,SNA,226,NO
1987,10,28,3,1302,1353,PS,1509,,51,LAS,SNA,226,NO
1987,10,29,4,1302,1353,PS,1509,,51,LAS,SNA,226,YES
1987,10,30,5,1302,1353,PS,1509,,51,LAS,SNA,226,NO
1987,10,31,6,1302,1353,PS,1509,,51,LAS,SNA,226,NO
1987,10,1,4,1400,1508,PS,1509,,68,SNA,SJC,342,YES
1987,10,2,5,1400,1508,PS,1509,,68,SNA,SJC,342,NO
1987,10,3,6,1400,1508,PS,1509,,68,SNA,SJC,342,NO
1987,10,4,7,1400,1508,PS,1509,,68,SNA,SJC,342,YES
1987,10,5,1,1400,1508,PS,1509,,68,SNA,SJC,342,YES
1987,10,6,2,1400,1508,PS,1509,,68,SNA,SJC,342,NO
1987,10,7,3,1400,1508,PS,1509,,68,SNA,SJC,342,YES
1987,10,8,4,1400,1508,PS,1509,,68,SNA,SJC,342,YES
1987,10,9,5,1400,1508,PS,1509,,68,SNA,SJC,342,YES
1987,10,11,7,1400,1508,PS,1509,,68,SNA,SJC,342,YES
1987,10,12,1,1400,1508,PS,1509,,68,SNA,SJC,342,YES
1987,10,13,2,1400,1508,PS,1509,,68,SNA,SJC,342,YES
1987,10,14,3,1400,1508,PS,1509,,68,SNA,SJC,342,YES
1987,10,15,4,1400,1508,PS,1509,,68,SNA,SJC,342,YES
1987,10,16,5,1400,1508,PS,1509,,68,SNA,SJC,342,YES
1987,10,18,7,1400,1508,PS,1509,,68,SNA,SJC,342,YES
1987,10,19,1,1400,1508,PS,1509,,68,SNA,SJC,342,YES